motion;docdate
https://github.com/swerik-project/riksdagen-motions/blob/main/data/1867/mot-1867--ak--00233.xml;Stockholm den 28 Januari 1867
https://github.com/swerik-project/riksdagen-motions/blob/main/data/1867/mot-1867--ak--00267.xml;Stockholm den 29 Januari 1867.
https://github.com/swerik-project/riksdagen-motions/blob/main/data/1867/mot-1867--fk--00023.xml;Stockholm den 21 Januari 1867. 
https://github.com/swerik-project/riksdagen-motions/blob/main/data/1868/mot-1868--ak--00188.xml;Stockholm den 27 Januari 1868.
https://github.com/swerik-project/riksdagen-motions/blob/main/data/1868/mot-1868--fk--00014.xml;Stockholm den 24 Januari 1868. 
https://github.com/swerik-project/riksdagen-motions/blob/main/data/1868/mot-1868--fk--00073.xml;Stockholm den 27 Januari 1868.
https://github.com/swerik-project/riksdagen-motions/blob/main/data/1869/mot-1869--ak--00131.xml;Stockholm den 23 Januari 1869 
https://github.com/swerik-project/riksdagen-motions/blob/main/data/1869/mot-1869--ak--00197.xml;--
https://github.com/swerik-project/riksdagen-motions/blob/main/data/1869/mot-1869--fk--00014.xml;Stockholm den 27 Januari 1869.
https://github.com/swerik-project/riksdagen-motions/blob/main/data/1870/mot-1870--ak--00144.xml;Stockholm den 27 Januari 1870.
https://github.com/swerik-project/riksdagen-motions/blob/main/data/1870/mot-1870--ak--00215.xml;Stockholm den 28 Januari 1870.
https://github.com/swerik-project/riksdagen-motions/blob/main/data/1870/mot-1870--fk--00049.xml;Stockholm den 17 Februari 1870.
https://github.com/swerik-project/riksdagen-motions/blob/main/data/1871/mot-1871--ak--00125.xml;Stockholm den 28 Januari 1871.
https://github.com/swerik-project/riksdagen-motions/blob/main/data/1871/mot-1871--ak--00163.xml;Stockholm den 28 Januari 1874.
https://github.com/swerik-project/riksdagen-motions/blob/main/data/1871/mot-1871--ak--00166.xml;Stockholm den 28 Januari 1874.
https://github.com/swerik-project/riksdagen-motions/blob/main/data/1872/mot-1872--ak--00009.xml;Stockholm den 22 Januari 1872.
https://github.com/swerik-project/riksdagen-motions/blob/main/data/1872/mot-1872--ak--00198.xml;Stockholm den 14 Februari 1872.
https://github.com/swerik-project/riksdagen-motions/blob/main/data/1872/mot-1872--ak--00208.xml;Stockholm den 24 April 1872.
https://github.com/swerik-project/riksdagen-motions/blob/main/data/1873/mot-1873--ak--00010.xml;Stockholm den 25 Januari 1873. 
https://github.com/swerik-project/riksdagen-motions/blob/main/data/1873/mot-1873--ak--00039.xml;Stockholm den 24 Januari 1873.
https://github.com/swerik-project/riksdagen-motions/blob/main/data/1873/mot-1873--fk--00039.xml;Stockholm den 22 Mars 1873.
https://github.com/swerik-project/riksdagen-motions/blob/main/data/1874/mot-1874--ak--00016.xml;Stockholm den 23 Januari 1874.
https://github.com/swerik-project/riksdagen-motions/blob/main/data/1874/mot-1874--ak--00065.xml;Stockholm den 27 Januari             1874.
https://github.com/swerik-project/riksdagen-motions/blob/main/data/1874/mot-1874--ak--00171.xml;Stockholm den 29             Januari 1874. 
https://github.com/swerik-project/riksdagen-motions/blob/main/data/1875/mot-1875--ak--00067.xml;Stockholm den 27 Januari 1875.
https://github.com/swerik-project/riksdagen-motions/blob/main/data/1875/mot-1875--fk--00009.xml;Stockholm den 25 Januari 1875.
https://github.com/swerik-project/riksdagen-motions/blob/main/data/1875/mot-1875--fk--00044.xml;--
https://github.com/swerik-project/riksdagen-motions/blob/main/data/1876/mot-1876--ak--00120.xml;Stockholm den 28 Januari 1876.
https://github.com/swerik-project/riksdagen-motions/blob/main/data/1876/mot-1876--fk--00014.xml;Stockholm den 28 Januari 1876
https://github.com/swerik-project/riksdagen-motions/blob/main/data/1876/mot-1876--fk--00019.xml;Januari 1870.
https://github.com/swerik-project/riksdagen-motions/blob/main/data/1877/mot-1877--ak--00046.xml;Stockholm den 26 Januari 1877.
https://github.com/swerik-project/riksdagen-motions/blob/main/data/1877/mot-1877--ak--00065.xml;Stockholm den 26 Januari             1877.
https://github.com/swerik-project/riksdagen-motions/blob/main/data/1877/mot-1877--ak--00094.xml;Stockholm den 27 Januari 1877.
https://github.com/swerik-project/riksdagen-motions/blob/main/data/1878/mot-1878--ak--00074.xml;Stockholm             den 25 Januari 1878. J. Bundbäck.
https://github.com/swerik-project/riksdagen-motions/blob/main/data/1878/mot-1878--fk--00003.xml;Stockholm den 21 Januari 1878.
https://github.com/swerik-project/riksdagen-motions/blob/main/data/1878/mot-1878--fk--00037.xml;Stockholm den 13 April 1878. 
https://github.com/swerik-project/riksdagen-motions/blob/main/data/1879/mot-1879--ak--00018.xml;Stockholm den 24 Januari 1879.
https://github.com/swerik-project/riksdagen-motions/blob/main/data/1879/mot-1879--ak--00061.xml;--
https://github.com/swerik-project/riksdagen-motions/blob/main/data/1879/mot-1879--ak--00080.xml;Stockholm den 28 Januari 1879.
https://github.com/swerik-project/riksdagen-motions/blob/main/data/1880/mot-1880--ak--00008.xml;Stockholm den 23 Januari 1880.
https://github.com/swerik-project/riksdagen-motions/blob/main/data/1880/mot-1880--ak--00021.xml;Stockholm den 24 Januari 1880.
https://github.com/swerik-project/riksdagen-motions/blob/main/data/1880/mot-1880--ak--00103.xml;Stockholm den             26 Januari 1880.
https://github.com/swerik-project/riksdagen-motions/blob/main/data/1881/mot-1881--ak--00008.xml;Stockholm den 25 Januari 1881. 
https://github.com/swerik-project/riksdagen-motions/blob/main/data/1881/mot-1881--ak--00155.xml;Stockholm den 28 Januari 1881.
https://github.com/swerik-project/riksdagen-motions/blob/main/data/1881/mot-1881--ak--00162.xml;Stockholm den 28 Januari 1881.
https://github.com/swerik-project/riksdagen-motions/blob/main/data/1882/mot-1882--ak--00012.xml;Stockholm den 25 Januari 1882.
https://github.com/swerik-project/riksdagen-motions/blob/main/data/1882/mot-1882--ak--00093.xml;Stockholm den 27 Januari 1882.
https://github.com/swerik-project/riksdagen-motions/blob/main/data/1882/mot-1882--fk--00022.xml;-
https://github.com/swerik-project/riksdagen-motions/blob/main/data/1883/mot-1883--ak--00006.xml;Stockholm den 22 Januari 1883.
https://github.com/swerik-project/riksdagen-motions/blob/main/data/1883/mot-1883--ak--00031.xml;Stockholm den 25 Januari 1883.
https://github.com/swerik-project/riksdagen-motions/blob/main/data/1883/mot-1883--ak--00044.xml;Stockholm den 26 Januari 1883.
https://github.com/swerik-project/riksdagen-motions/blob/main/data/1884/mot-1884--ak--00015.xml;Stockholm den 18             Januari 1884.
https://github.com/swerik-project/riksdagen-motions/blob/main/data/1884/mot-1884--ak--00067.xml;Stockholm den 25 Januari 1884.
https://github.com/swerik-project/riksdagen-motions/blob/main/data/1884/mot-1884--fk--00038.xml;Stockholm den 27 Januari 1884. 
https://github.com/swerik-project/riksdagen-motions/blob/main/data/1885/mot-1885--ak--00030.xml;Stockholm den 27 Januari 1885.
https://github.com/swerik-project/riksdagen-motions/blob/main/data/1885/mot-1885--ak--00142.xml;Stockholm den 29 Januari 1885.
https://github.com/swerik-project/riksdagen-motions/blob/main/data/1885/mot-1885--fk--00053.xml;Stockholm den 29 Januari 1885.
https://github.com/swerik-project/riksdagen-motions/blob/main/data/1886/mot-1886--ak--00036.xml;Stockholm den 25 Januari 1886.
https://github.com/swerik-project/riksdagen-motions/blob/main/data/1886/mot-1886--ak--00137.xml;Stockholm den 28 Januari 1886.
https://github.com/swerik-project/riksdagen-motions/blob/main/data/1886/mot-1886--fk--00007.xml;Stockholm den 25 Januari 1886.
https://github.com/swerik-project/riksdagen-motions/blob/main/data/1887/mot-1887-janmar-ak--00024.xml;Stockholm den 25 januari 1887.
https://github.com/swerik-project/riksdagen-motions/blob/main/data/1887/mot-1887-janmar-ak--00131.xml;Stockholm den 28 januari 1887.
https://github.com/swerik-project/riksdagen-motions/blob/main/data/1887/mot-1887-majjul-ak--00026.xml;Stockholm den 11 maj 1887. 
https://github.com/swerik-project/riksdagen-motions/blob/main/data/1888/mot-1888--ak--00024.xml;Stockholm den 23 januari 1888.
https://github.com/swerik-project/riksdagen-motions/blob/main/data/1888/mot-1888--ak--00142.xml;Stockholm den 29 januari 1888.
https://github.com/swerik-project/riksdagen-motions/blob/main/data/1888/mot-1888--ak--00157.xml;Stockholm den 29 januari 1888.
https://github.com/swerik-project/riksdagen-motions/blob/main/data/1889/mot-1889--ak--00029.xml;Stockholm den 24             januari 1889.
https://github.com/swerik-project/riksdagen-motions/blob/main/data/1889/mot-1889--ak--00139.xml;Stockholm den 26 januari 1889.
https://github.com/swerik-project/riksdagen-motions/blob/main/data/1889/mot-1889--fk--00050.xml;Stockholm den 26 januari 1889.
https://github.com/swerik-project/riksdagen-motions/blob/main/data/1890/mot-1890--ak--00043.xml;Stockholm den 24 januari 1890.
https://github.com/swerik-project/riksdagen-motions/blob/main/data/1890/mot-1890--ak--00045.xml;Stockholm den 21 januari 1890.
https://github.com/swerik-project/riksdagen-motions/blob/main/data/1890/mot-1890--ak--00214.xml;Stockholm den 7 mars 1890.
https://github.com/swerik-project/riksdagen-motions/blob/main/data/1891/mot-1891--ak--00046.xml;Stockholm den 26 januari 1591.
https://github.com/swerik-project/riksdagen-motions/blob/main/data/1891/mot-1891--ak--00184.xml;Stockholm den 2 april 1891.
https://github.com/swerik-project/riksdagen-motions/blob/main/data/1891/mot-1891--ak--00186.xml;Stockholm den 7 april 1891.
https://github.com/swerik-project/riksdagen-motions/blob/main/data/1892/mot-1892--ak--00075.xml;Stockholm den 29 januari 1892. 
https://github.com/swerik-project/riksdagen-motions/blob/main/data/1892/mot-1892--ak--00091.xml;Stockholm den 30 januari 1892. 
https://github.com/swerik-project/riksdagen-motions/blob/main/data/1892/mot-1892-urtima-fk--00002.xml;Stockholm den 28 oktober 1892.
https://github.com/swerik-project/riksdagen-motions/blob/main/data/1893/mot-1893--ak--00096.xml;Stockholm den 26 januari             1893.
https://github.com/swerik-project/riksdagen-motions/blob/main/data/1893/mot-1893--ak--00115.xml;Stockholm den 28 januari 1893. 
https://github.com/swerik-project/riksdagen-motions/blob/main/data/1893/mot-1893--ak--00126.xml;Stockholm den januari 1893.
https://github.com/swerik-project/riksdagen-motions/blob/main/data/1894/mot-1894--ak--00016.xml;Stockholm den 23 januari 1894.
https://github.com/swerik-project/riksdagen-motions/blob/main/data/1894/mot-1894--ak--00170.xml;Stockholm den 20 april 1894
https://github.com/swerik-project/riksdagen-motions/blob/main/data/1894/mot-1894--fk--00024.xml;Stockholm den 28 januari             1894.
https://github.com/swerik-project/riksdagen-motions/blob/main/data/1895/mot-1895--ak--00052.xml;Stockholm den 26 januari 1895.
https://github.com/swerik-project/riksdagen-motions/blob/main/data/1895/mot-1895--ak--00112.xml;Stockholm den 27 januari 1895.
https://github.com/swerik-project/riksdagen-motions/blob/main/data/1895/mot-1895--fk--00046.xml;Stockholm den 27 januari 1895. 
https://github.com/swerik-project/riksdagen-motions/blob/main/data/1896/mot-1896--ak--00071.xml;Stockholm den 27 januari             1896.
https://github.com/swerik-project/riksdagen-motions/blob/main/data/1896/mot-1896--ak--00134.xml;Stockholm den 27 januari 1896.
https://github.com/swerik-project/riksdagen-motions/blob/main/data/1896/mot-1896--ak--00174.xml;Stockholm den 28 januari 1896.
https://github.com/swerik-project/riksdagen-motions/blob/main/data/1897/mot-1897--ak--00104.xml;Stockholm den 26 januari 1897.
https://github.com/swerik-project/riksdagen-motions/blob/main/data/1897/mot-1897--fk--00011.xml;Stockholm den 27 januari 1897.
https://github.com/swerik-project/riksdagen-motions/blob/main/data/1897/mot-1897--fk--00018.xml;Stockholm den 28 januari 1897.
https://github.com/swerik-project/riksdagen-motions/blob/main/data/1898/mot-1898--ak--00053.xml;Stockholm den 25 januari 1898.
https://github.com/swerik-project/riksdagen-motions/blob/main/data/1898/mot-1898--ak--00108.xml;Stockholm den 26 januari 1898. 
https://github.com/swerik-project/riksdagen-motions/blob/main/data/1898/mot-1898--ak--00138.xml;Stockholm i januari 1898.
https://github.com/swerik-project/riksdagen-motions/blob/main/data/1899/mot-1899--ak--00056.xml;Stockholm den 25 januari 1899.
https://github.com/swerik-project/riksdagen-motions/blob/main/data/1899/mot-1899--ak--00211.xml;Stockholm den 28 januari 1899.
https://github.com/swerik-project/riksdagen-motions/blob/main/data/1899/mot-1899--ak--00241.xml;Stockholm den 30             mars 1899.
https://github.com/swerik-project/riksdagen-motions/blob/main/data/1900/mot-1900--ak--00054.xml;Stockholm den 27 januari 1900.
https://github.com/swerik-project/riksdagen-motions/blob/main/data/1900/mot-1900--ak--00130.xml;Stockholm den 28 januari 1900.
https://github.com/swerik-project/riksdagen-motions/blob/main/data/1900/mot-1900--ak--00151.xml;Stockholm den 13 februari 1900.
https://github.com/swerik-project/riksdagen-motions/blob/main/data/1901/mot-1901--ak--00125.xml;Stockholm den 27 januari 1901.
https://github.com/swerik-project/riksdagen-motions/blob/main/data/1901/mot-1901--ak--00166.xml;Stockholm den 23 februari 1901. 
https://github.com/swerik-project/riksdagen-motions/blob/main/data/1901/mot-1901--ak--00175.xml;Stockholm den 19 mars 1901. 
https://github.com/swerik-project/riksdagen-motions/blob/main/data/1902/mot-1902--ak--00007.xml;Stockholm den             18 januari 1902.
https://github.com/swerik-project/riksdagen-motions/blob/main/data/1902/mot-1902--ak--00059.xml;Stockholm den 27 januari 1902.
https://github.com/swerik-project/riksdagen-motions/blob/main/data/1902/mot-1902--ak--00061.xml;Stockholm den 22 januari 1902.
https://github.com/swerik-project/riksdagen-motions/blob/main/data/1903/mot-1903--ak--00055.xml;Stockholm den 26 januari 1903.
https://github.com/swerik-project/riksdagen-motions/blob/main/data/1903/mot-1903--ak--00064.xml;Stockholm den 27 januari 1903.
https://github.com/swerik-project/riksdagen-motions/blob/main/data/1903/mot-1903--ak--00101.xml;Stockholm den 26 januari 1903.
https://github.com/swerik-project/riksdagen-motions/blob/main/data/1904/mot-1904--ak--00145.xml;Stockholm den 27 januari 1904.
https://github.com/swerik-project/riksdagen-motions/blob/main/data/1904/mot-1904--ak--00151.xml;Stockholm den 28 januari 1904.
https://github.com/swerik-project/riksdagen-motions/blob/main/data/1904/mot-1904--fk--00022.xml;Stockholm den 26 januari 1904. 
https://github.com/swerik-project/riksdagen-motions/blob/main/data/1905/mot-1905--ak--00114.xml;Stockholm den 28 januari 1905.
https://github.com/swerik-project/riksdagen-motions/blob/main/data/1905/mot-1905--ak--00146.xml;Stockholm den 28 januari 1905.
https://github.com/swerik-project/riksdagen-motions/blob/main/data/1905/mot-1905-urtima-fk--00004.xml;Stockholm den 27 juni 1905.
https://github.com/swerik-project/riksdagen-motions/blob/main/data/1906/mot-1906--ak--00067.xml;Stockholm den 22 januari 1906. 
https://github.com/swerik-project/riksdagen-motions/blob/main/data/1906/mot-1906--ak--00167.xml;Stockholm den 14 maj 1906.
https://github.com/swerik-project/riksdagen-motions/blob/main/data/1906/mot-1906--fk--00039.xml;Stockholm den 28 mars 1906.
https://github.com/swerik-project/riksdagen-motions/blob/main/data/1907/mot-1907--ak--00018.xml;Stockholm den 20 januari 1907.
https://github.com/swerik-project/riksdagen-motions/blob/main/data/1907/mot-1907--ak--00283.xml;Stockholm den 6 maj 1907.
https://github.com/swerik-project/riksdagen-motions/blob/main/data/1907/mot-1907--fk--00040.xml;Stockholm den 16 februari 1907.
https://github.com/swerik-project/riksdagen-motions/blob/main/data/1908/mot-1908--ak--00032.xml;Stockholm den 24 januari 1908.
https://github.com/swerik-project/riksdagen-motions/blob/main/data/1908/mot-1908--ak--00087.xml;Stockholm den 21 januari 1908.
https://github.com/swerik-project/riksdagen-motions/blob/main/data/1908/mot-1908--ak--00328.xml;Stockholm den 5 maj 1908.
https://github.com/swerik-project/riksdagen-motions/blob/main/data/1909/mot-1909--ak--00064.xml;Stockholm den 26 januari 1909
https://github.com/swerik-project/riksdagen-motions/blob/main/data/1909/mot-1909--ak--00065.xml;Stockholm den 25 januari 1909. 
https://github.com/swerik-project/riksdagen-motions/blob/main/data/1909/mot-1909--ak--00262.xml;Stockholm den 24 april 1909.
https://github.com/swerik-project/riksdagen-motions/blob/main/data/1910/mot-1910--ak--00202.xml;Stockholm den 6 februari 1910.
https://github.com/swerik-project/riksdagen-motions/blob/main/data/1910/mot-1910--fk--00031.xml;Stockholm den 27 januari 1910. 
https://github.com/swerik-project/riksdagen-motions/blob/main/data/1910/mot-1910--fk--00086.xml;Stockholm den 15 april 1910.
https://github.com/swerik-project/riksdagen-motions/blob/main/data/1911/mot-1911--ak--00088.xml;Stockholm den 27 januari 1911. 
https://github.com/swerik-project/riksdagen-motions/blob/main/data/1911/mot-1911--ak--00368.xml;Stockholm den 8 maj 1911. 
https://github.com/swerik-project/riksdagen-motions/blob/main/data/1911/mot-1911--fk--00098.xml;Stockholm den 3 mars 1911.
https://github.com/swerik-project/riksdagen-motions/blob/main/data/1912/mot-1912--ak--00220.xml;Stockholm den 26 januari 1912.
https://github.com/swerik-project/riksdagen-motions/blob/main/data/1912/mot-1912--fk--00010.xml;Stockholm den 20 januari 1912.
https://github.com/swerik-project/riksdagen-motions/blob/main/data/1912/mot-1912--fk--00110.xml;Stockholm den 6 maj 1912.
https://github.com/swerik-project/riksdagen-motions/blob/main/data/1913/mot-1913--ak--00250.xml;Stockholm den 5 februari 1913. 
https://github.com/swerik-project/riksdagen-motions/blob/main/data/1913/mot-1913--ak--00321.xml;Stockholm den 15 april 1913. 
https://github.com/swerik-project/riksdagen-motions/blob/main/data/1913/mot-1913--ak--00334.xml;Stockholm den 22 april 1913.
https://github.com/swerik-project/riksdagen-motions/blob/main/data/1914/mot-1914-a-ak--00066.xml;Stockholm den 20 januari 1914.
https://github.com/swerik-project/riksdagen-motions/blob/main/data/1914/mot-1914-b-ak--00039.xml;Stockholm den 26 maj 1914.
https://github.com/swerik-project/riksdagen-motions/blob/main/data/1914/mot-1914-b-ak--00269.xml;Stockholm den 14 augusti 1914.
https://github.com/swerik-project/riksdagen-motions/blob/main/data/1915/mot-1915--ak--00086.xml;Stockholm den 25 januari 1915.
https://github.com/swerik-project/riksdagen-motions/blob/main/data/1915/mot-1915--ak--00245.xml;Stockholm den 6 maj 1915.
https://github.com/swerik-project/riksdagen-motions/blob/main/data/1915/mot-1915--fk--00080.xml;Stockholm den 13 april 1915. 
https://github.com/swerik-project/riksdagen-motions/blob/main/data/1916/mot-1916--ak--00013.xml;Stockholm den 21 januari 1916.
https://github.com/swerik-project/riksdagen-motions/blob/main/data/1916/mot-1916--ak--00071.xml;Stockholm den             27 januari 1916.
https://github.com/swerik-project/riksdagen-motions/blob/main/data/1916/mot-1916--ak--00270.xml;Stockholm den 13 april 1916.
https://github.com/swerik-project/riksdagen-motions/blob/main/data/1917/mot-1917--ak--00142.xml;Stockholm den 25 januari 1917.
https://github.com/swerik-project/riksdagen-motions/blob/main/data/1917/mot-1917--ak--00404.xml;Stockholm den 18 april 1917.
https://github.com/swerik-project/riksdagen-motions/blob/main/data/1917/mot-1917--fk--00018.xml;Stockholm den 18 april 1917.
https://github.com/swerik-project/riksdagen-motions/blob/main/data/1918/mot-1918--ak--00022.xml;Stockholm den 22 januari 1918.
https://github.com/swerik-project/riksdagen-motions/blob/main/data/1918/mot-1918--ak--00281.xml;Stockholm den 5 februari 1918.
https://github.com/swerik-project/riksdagen-motions/blob/main/data/1918/mot-1918--fk--00084.xml;Stockholm den 26 januari 1918.
https://github.com/swerik-project/riksdagen-motions/blob/main/data/1919/mot-1919--ak--00024.xml;Stockholm den 16 januari 1919.
https://github.com/swerik-project/riksdagen-motions/blob/main/data/1919/mot-1919--ak--00129.xml;Stockholm den 20 januari 1919.
https://github.com/swerik-project/riksdagen-motions/blob/main/data/1919/mot-1919--ak--00348.xml;Stockholm den 18 mars 1919.
https://github.com/swerik-project/riksdagen-motions/blob/main/data/1920/mot-1920--ak--00039.xml;Stockholm den 16 januari 1920.
https://github.com/swerik-project/riksdagen-motions/blob/main/data/1920/mot-1920--ak--00071.xml;Stockholm den 20 januari 1920.
https://github.com/swerik-project/riksdagen-motions/blob/main/data/1920/mot-1920--ak--00276.xml;Stockholm den 27 jan. 1920.
https://github.com/swerik-project/riksdagen-motions/blob/main/data/1921/mot-1921--ak--00040.xml;Stockholm den 19 januari 1921.
https://github.com/swerik-project/riksdagen-motions/blob/main/data/1921/mot-1921--ak--00138.xml;Stockholm den 20 januari 1921.
https://github.com/swerik-project/riksdagen-motions/blob/main/data/1921/mot-1921--fk--00157.xml;Stockholm den 31 januari 1921.
https://github.com/swerik-project/riksdagen-motions/blob/main/data/1922/mot-1922--ak--00061.xml;Stockholm den 16 januari 1922.
https://github.com/swerik-project/riksdagen-motions/blob/main/data/1922/mot-1922--ak--00137.xml;Stockholm den 21 januari 1922. 
https://github.com/swerik-project/riksdagen-motions/blob/main/data/1922/mot-1922--fk--00114.xml;Stockholm den 14 mars 1922.
https://github.com/swerik-project/riksdagen-motions/blob/main/data/1923/mot-1923--ak--00205.xml;Stockholm den 5 februari 1923.
https://github.com/swerik-project/riksdagen-motions/blob/main/data/1923/mot-1923--fk--00027.xml;Stockholm den 19 januari 1923.
https://github.com/swerik-project/riksdagen-motions/blob/main/data/1923/mot-1923--fk--00134.xml;Stockholm             den 26 januari 1923.
https://github.com/swerik-project/riksdagen-motions/blob/main/data/1924/mot-1924--ak--00218.xml;Stockholm             den 21 januari 1924.
https://github.com/swerik-project/riksdagen-motions/blob/main/data/1924/mot-1924--ak--00357.xml;Stockholm den 20 februari 1924.
https://github.com/swerik-project/riksdagen-motions/blob/main/data/1924/mot-1924--fk--00268.xml;Stockholm den 28 mars 1924.
https://github.com/swerik-project/riksdagen-motions/blob/main/data/1925/mot-1925--ak--00146.xml;Stockholm den 22 januari 1925.
https://github.com/swerik-project/riksdagen-motions/blob/main/data/1925/mot-1925--ak--00174.xml;Stockholm den 21 januari 1925.
https://github.com/swerik-project/riksdagen-motions/blob/main/data/1925/mot-1925--fk--00126.xml;Stockholm den             22 januari 1925.
https://github.com/swerik-project/riksdagen-motions/blob/main/data/1926/mot-1926--ak--00010.xml;Stockholm den 15 januari 1926.
https://github.com/swerik-project/riksdagen-motions/blob/main/data/1926/mot-1926--ak--00059.xml;Stockholm den             19 januari 1926.
https://github.com/swerik-project/riksdagen-motions/blob/main/data/1926/mot-1926--fk--00229.xml;Stockholm den 10 februari 1926.
https://github.com/swerik-project/riksdagen-motions/blob/main/data/1927/mot-1927--ak--00244.xml;Stockholm den 21 januari 1927.
https://github.com/swerik-project/riksdagen-motions/blob/main/data/1927/mot-1927--ak--00331.xml;Stockholm den 11 mars 1927.
https://github.com/swerik-project/riksdagen-motions/blob/main/data/1927/mot-1927--ak--00406.xml;Stockholm den 17 mars 1927.
https://github.com/swerik-project/riksdagen-motions/blob/main/data/1928/mot-1928--ak--00163.xml;Stockholm den 20 januari 1928.
https://github.com/swerik-project/riksdagen-motions/blob/main/data/1928/mot-1928--ak--00450.xml;Stockholm             den 16 mars 1928.
https://github.com/swerik-project/riksdagen-motions/blob/main/data/1928/mot-1928--fk--00284.xml;Stockholm den 15 mars 1928.
https://github.com/swerik-project/riksdagen-motions/blob/main/data/1929/mot-1929--ak--00117.xml;Stockholm den 21 januari 1929.
https://github.com/swerik-project/riksdagen-motions/blob/main/data/1929/mot-1929--ak--00198.xml;Stockholm den 21 januari 1929.
https://github.com/swerik-project/riksdagen-motions/blob/main/data/1929/mot-1929--fk--00193.xml;Stockholm den 21 januari 1929.
https://github.com/swerik-project/riksdagen-motions/blob/main/data/1930/mot-1930--ak--00001.xml;Stockholm den 13 januari 1930.
https://github.com/swerik-project/riksdagen-motions/blob/main/data/1930/mot-1930--ak--00211.xml;Stockholm den 21 januari 1930.
https://github.com/swerik-project/riksdagen-motions/blob/main/data/1930/mot-1930--fk--00052.xml;Stockholm den 18 januari 1930.
https://github.com/swerik-project/riksdagen-motions/blob/main/data/1931/mot-1931--ak--00357.xml;Stockholm             den 28 februari 1931.
https://github.com/swerik-project/riksdagen-motions/blob/main/data/1931/mot-1931--fk--00163.xml;Stockholm             den 22 januari 1931.
https://github.com/swerik-project/riksdagen-motions/blob/main/data/1931/mot-1931--fk--00224.xml;Stockholm den 28 februari 1931.
https://github.com/swerik-project/riksdagen-motions/blob/main/data/1932/mot-1932--ak--00221.xml;Stockholm den 22 januari 1932.
https://github.com/swerik-project/riksdagen-motions/blob/main/data/1932/mot-1932--ak--00285.xml;Stockholm den 21 januari 1932.
https://github.com/swerik-project/riksdagen-motions/blob/main/data/1932/mot-1932--fk--00027.xml;Stockholm den 19 januari 1932.
https://github.com/swerik-project/riksdagen-motions/blob/main/data/1933/mot-1933--ak--00264.xml;Stockholm             den 21 januari 1933.
https://github.com/swerik-project/riksdagen-motions/blob/main/data/1933/mot-1933--ak--00406.xml;Stockholm den 31 januari 1933.
https://github.com/swerik-project/riksdagen-motions/blob/main/data/1933/mot-1933--ak--00515.xml;Stockholm den 20 april 1933.
https://github.com/swerik-project/riksdagen-motions/blob/main/data/1934/mot-1934--ak--00094.xml;Stockholm den 20 januari 1934.
https://github.com/swerik-project/riksdagen-motions/blob/main/data/1934/mot-1934--ak--00588.xml;Stockholm den 21 mars 1934.
https://github.com/swerik-project/riksdagen-motions/blob/main/data/1934/mot-1934--fk--00051.xml;Stockholm den 18 januari 1934.
https://github.com/swerik-project/riksdagen-motions/blob/main/data/1935/mot-1935--ak--00015.xml;Stockholm den 15 januari 1935.
https://github.com/swerik-project/riksdagen-motions/blob/main/data/1935/mot-1935--ak--00368.xml;Stockholm den 21 januari 1985.
https://github.com/swerik-project/riksdagen-motions/blob/main/data/1935/mot-1935--ak--00627.xml;Stockholm             den 4 maj 1935.
https://github.com/swerik-project/riksdagen-motions/blob/main/data/1936/mot-1936--ak--00144.xml;Stockholm den 17 januari 1936.
https://github.com/swerik-project/riksdagen-motions/blob/main/data/1936/mot-1936--ak--00174.xml;Stockholm den 18 januari 1936.
https://github.com/swerik-project/riksdagen-motions/blob/main/data/1936/mot-1936--ak--00594.xml;Stockholm den 23 januari 1936.
https://github.com/swerik-project/riksdagen-motions/blob/main/data/1937/mot-1937--ak--00034.xml;Stockholm den 16 januari 1937.
https://github.com/swerik-project/riksdagen-motions/blob/main/data/1937/mot-1937--ak--00342.xml;Stockholm 1 januari 1937.
https://github.com/swerik-project/riksdagen-motions/blob/main/data/1937/mot-1937--ak--00448.xml;Stockholm den 9 mars 1937. 
https://github.com/swerik-project/riksdagen-motions/blob/main/data/1938/mot-1938--ak--00414.xml;Stockholm den 22 mars 1938.
https://github.com/swerik-project/riksdagen-motions/blob/main/data/1938/mot-1938--fk--00152.xml;Stockholm den 22 januari 1938.
https://github.com/swerik-project/riksdagen-motions/blob/main/data/1938/mot-1938--fk--00225.xml;Stockholm den 31 januari 1938.
https://github.com/swerik-project/riksdagen-motions/blob/main/data/1939/mot-1939--ak--00325.xml;Stockholm den 23 januari 1939.
https://github.com/swerik-project/riksdagen-motions/blob/main/data/1939/mot-1939--ak--00423.xml;Stockholm i mars 1939.
https://github.com/swerik-project/riksdagen-motions/blob/main/data/1939/mot-1939--fk--00327.xml;Stockholm den 21 april 1939.
https://github.com/swerik-project/riksdagen-motions/blob/main/data/1940/mot-1940--fk--00176.xml;Stockholm den 1 april 1940.
https://github.com/swerik-project/riksdagen-motions/blob/main/data/1940/mot-1940--fk--00214.xml;Stockholm den 25 maj 1940.
https://github.com/swerik-project/riksdagen-motions/blob/main/data/1940/mot-1940-urtima-fk--00030.xml;Stockholm den 4 december 1940.
https://github.com/swerik-project/riksdagen-motions/blob/main/data/1941/mot-1941--ak--00182.xml;Stockholm den 23 januari 1941.
https://github.com/swerik-project/riksdagen-motions/blob/main/data/1941/mot-1941--ak--00312.xml;Stockholm den 25 maj 1941.
https://github.com/swerik-project/riksdagen-motions/blob/main/data/1941/mot-1941--fk--00141.xml;Stockholm den 22 januari 1941.
https://github.com/swerik-project/riksdagen-motions/blob/main/data/1942/mot-1942--ak--00369.xml;Stockholm den 22 maj 1942.
https://github.com/swerik-project/riksdagen-motions/blob/main/data/1942/mot-1942--fk--00215.xml;Stockholm den 23 mars 1942.
https://github.com/swerik-project/riksdagen-motions/blob/main/data/1942/mot-1942--fk--00265.xml;Stockholm den 27 maj 1942.
https://github.com/swerik-project/riksdagen-motions/blob/main/data/1943/mot-1943--ak--00249.xml;Stockholm den 24 januari 1943.
https://github.com/swerik-project/riksdagen-motions/blob/main/data/1943/mot-1943--ak--00312.xml;Stockholm den 17 mars 1943.
https://github.com/swerik-project/riksdagen-motions/blob/main/data/1943/mot-1943--fk--00056.xml;Stockholm den 20 januari 1943.
https://github.com/swerik-project/riksdagen-motions/blob/main/data/1944/mot-1944--ak--00111.xml;Stockholm den 19 januari 1944.
https://github.com/swerik-project/riksdagen-motions/blob/main/data/1944/mot-1944--ak--00160.xml;Stockholm den 20 januari 1944.
https://github.com/swerik-project/riksdagen-motions/blob/main/data/1944/mot-1944--ak--00260.xml;Stockholm den 22 januari 1944.
https://github.com/swerik-project/riksdagen-motions/blob/main/data/1945/mot-1945--ak--00070.xml;Stockholm i januari 1945.
https://github.com/swerik-project/riksdagen-motions/blob/main/data/1945/mot-1945--ak--00243.xml;Stockholm den             22 januari 1945.
https://github.com/swerik-project/riksdagen-motions/blob/main/data/1945/mot-1945-höst-fk--00416.xml;Stockholm den 31 oktober 19453.
https://github.com/swerik-project/riksdagen-motions/blob/main/data/1946/mot-1946--ak--00030.xml;Stockholm den 16 januari 1946.
https://github.com/swerik-project/riksdagen-motions/blob/main/data/1946/mot-1946--ak--00046.xml;Stockholm den 17 januari 1946.
https://github.com/swerik-project/riksdagen-motions/blob/main/data/1946/mot-1946--ak--00137.xml;Stockholm den 18 januari 1946.
https://github.com/swerik-project/riksdagen-motions/blob/main/data/1947/mot-1947--ak--00422.xml;Stockholm den 6 maj 1947.
https://github.com/swerik-project/riksdagen-motions/blob/main/data/1947/mot-1947--fk--00094.xml;Stockholm den 23 januari 1947.
https://github.com/swerik-project/riksdagen-motions/blob/main/data/1947/mot-1947--fk--00197.xml;Stockholm den             23 januari 1947.
https://github.com/swerik-project/riksdagen-motions/blob/main/data/1948/mot-1948--ak--00077.xml;Stockholm             den 19 januari 1948.
https://github.com/swerik-project/riksdagen-motions/blob/main/data/1948/mot-1948--ak--00209.xml;Stockholm den 22 januari 1948.
https://github.com/swerik-project/riksdagen-motions/blob/main/data/1948/mot-1948--fk--00397.xml;Stockholm den 25 maj 1948.
https://github.com/swerik-project/riksdagen-motions/blob/main/data/1949/mot-1949--ak--00353.xml;Stockholm den 2 april 1949.
https://github.com/swerik-project/riksdagen-motions/blob/main/data/1949/mot-1949--fk--00111.xml;Stockholm i januari 1949.
https://github.com/swerik-project/riksdagen-motions/blob/main/data/1949/mot-1949--fk--00164.xml;Stockholm den 22 januari 1949.
https://github.com/swerik-project/riksdagen-motions/blob/main/data/1950/mot-1950--ak--00312.xml;Stockholm den 26 januari 1950.
https://github.com/swerik-project/riksdagen-motions/blob/main/data/1950/mot-1950--fk--00428.xml;Stockholm den 29 mars 1950.
https://github.com/swerik-project/riksdagen-motions/blob/main/data/1950/mot-1950-höst-ak--00633.xml;Stockholm den 31 oktober 1950.
https://github.com/swerik-project/riksdagen-motions/blob/main/data/1951/mot-1951--ak--00225.xml;Stockholm             den 25 januari 1951.
https://github.com/swerik-project/riksdagen-motions/blob/main/data/1951/mot-1951--fk--00167.xml;Stockholm den 25 januari 1951.
https://github.com/swerik-project/riksdagen-motions/blob/main/data/1951/mot-1951--fk--00395.xml;Stockholm i april 1951.
https://github.com/swerik-project/riksdagen-motions/blob/main/data/1952/mot-1952--ak--00551.xml;Stockholm den 2 april 1952.
https://github.com/swerik-project/riksdagen-motions/blob/main/data/1952/mot-1952--fk--00180.xml;Stockholm i januari 1952.
https://github.com/swerik-project/riksdagen-motions/blob/main/data/1952/mot-1952--fk--00418.xml;Uppsala den 2 april 1952.
https://github.com/swerik-project/riksdagen-motions/blob/main/data/1953/mot-1953--ak--00352.xml;Stockholm den 27 januari 1953.
https://github.com/swerik-project/riksdagen-motions/blob/main/data/1953/mot-1953--fk--00389.xml;Göteborg den 31 mars 1953.
https://github.com/swerik-project/riksdagen-motions/blob/main/data/1953/mot-1953--fk--00465.xml;Stockholm den 22 april 1953.
https://github.com/swerik-project/riksdagen-motions/blob/main/data/1954/mot-1954--ak--00003.xml;Stockholm den 13 januari 1954.
https://github.com/swerik-project/riksdagen-motions/blob/main/data/1954/mot-1954--ak--00118.xml;Stockholm den 26 januari 1954.
https://github.com/swerik-project/riksdagen-motions/blob/main/data/1954/mot-1954--fk--00372.xml;Stockholm den 27 januari 1954.
https://github.com/swerik-project/riksdagen-motions/blob/main/data/1955/mot-1955--ak--00300.xml;Stockholm den 26 januari 1955
https://github.com/swerik-project/riksdagen-motions/blob/main/data/1955/mot-1955--ak--00472.xml;Stockholm den 29 januari 1955
https://github.com/swerik-project/riksdagen-motions/blob/main/data/1955/mot-1955--fk--00249.xml;Stockholm den 26 januari 1955
https://github.com/swerik-project/riksdagen-motions/blob/main/data/1956/mot-1956--fk--00001.xml;Stockholm den             12 januari 1956
https://github.com/swerik-project/riksdagen-motions/blob/main/data/1956/mot-1956--fk--00250.xml;Stockholm den 26 januari 1956
https://github.com/swerik-project/riksdagen-motions/blob/main/data/1956/mot-1956-höst-fk--00625.xml;Stockholm den 7 november 1956
https://github.com/swerik-project/riksdagen-motions/blob/main/data/1957/mot-1957--ak--00502.xml;Stockholm den 25 februari 1957
https://github.com/swerik-project/riksdagen-motions/blob/main/data/1957/mot-1957--fk--00153.xml;Stockholm i januari 1957
https://github.com/swerik-project/riksdagen-motions/blob/main/data/1957/mot-1957--fk--00415.xml;Stockholm den             12 mars 1957
https://github.com/swerik-project/riksdagen-motions/blob/main/data/1958/mot-1958-b-ak--00002.xml;Stockholm den 18 juni 1958
https://github.com/swerik-project/riksdagen-motions/blob/main/data/1958/mot-1958-b-ak--00179.xml;Stockholm den 2 juli 1958
https://github.com/swerik-project/riksdagen-motions/blob/main/data/1958/mot-1958-b-fk--00164.xml;Stockholm den 3 juli 1958
https://github.com/swerik-project/riksdagen-motions/blob/main/data/1959/mot-1959--ak--00122.xml;Stockholm den 20 januari 1959
https://github.com/swerik-project/riksdagen-motions/blob/main/data/1959/mot-1959--ak--00473.xml;Stockholm den 17 februari 1959
https://github.com/swerik-project/riksdagen-motions/blob/main/data/1959/mot-1959-höst-ak--00708.xml;Stockholm den 10 november 1959
https://github.com/swerik-project/riksdagen-motions/blob/main/data/1960/mot-1960--ak--00448.xml;Stockholm             den 27 januari 1960
https://github.com/swerik-project/riksdagen-motions/blob/main/data/1960/mot-1960--ak--00726.xml;Stockholm den 29 mars 1960
https://github.com/swerik-project/riksdagen-motions/blob/main/data/1960/mot-1960--fk--00415.xml;Stockholm den 27 januari 1960
https://github.com/swerik-project/riksdagen-motions/blob/main/data/1961/mot-1961--ak--00594.xml;Stockholm den 26 januari 1961
https://github.com/swerik-project/riksdagen-motions/blob/main/data/1961/mot-1961--fk--00181.xml;Stockholm den             25 januari 1961
https://github.com/swerik-project/riksdagen-motions/blob/main/data/1961/mot-1961--fk--00666.xml;Stockholm den 9 maj 1961
https://github.com/swerik-project/riksdagen-motions/blob/main/data/1962/mot-1962--ak--00004.xml;Stockholm den 12 januari 1962
https://github.com/swerik-project/riksdagen-motions/blob/main/data/1962/mot-1962--ak--00494.xml;Stockholm             den 26 januari 1962
https://github.com/swerik-project/riksdagen-motions/blob/main/data/1962/mot-1962--fk--00070.xml;Stockholm den 22 januari 1962
https://github.com/swerik-project/riksdagen-motions/blob/main/data/1963/mot-1963--ak--00124.xml;Stockholm den 23 januari 1963
https://github.com/swerik-project/riksdagen-motions/blob/main/data/1963/mot-1963--fk--00282.xml;Stockholm den 24 januari 1963
https://github.com/swerik-project/riksdagen-motions/blob/main/data/1963/mot-1963--fk--00548.xml;Stockholm den             26 januari 1963
https://github.com/swerik-project/riksdagen-motions/blob/main/data/1964/mot-1964--ak--00050.xml;Stockholm den 15 januari 1964
https://github.com/swerik-project/riksdagen-motions/blob/main/data/1964/mot-1964--fk--00576.xml;Stockholm den 25 januari 1964
https://github.com/swerik-project/riksdagen-motions/blob/main/data/1964/mot-1964--fk--00824.xml;Stockholm den 12 maj 1964
https://github.com/swerik-project/riksdagen-motions/blob/main/data/1965/mot-1965--ak--00891.xml;Stockholm den 18 maj 1965
https://github.com/swerik-project/riksdagen-motions/blob/main/data/1965/mot-1965--fk--00396.xml;Stockholm den             27 januari 1965
https://github.com/swerik-project/riksdagen-motions/blob/main/data/1965/mot-1965--fk--00616.xml;Stockholm den 9 februari 1965
https://github.com/swerik-project/riksdagen-motions/blob/main/data/1966/mot-1966--ak--00894.xml;Stockholm den 26 april 1966
https://github.com/swerik-project/riksdagen-motions/blob/main/data/1966/mot-1966--fk--00014.xml;Stockholm den 12 januari 1966
https://github.com/swerik-project/riksdagen-motions/blob/main/data/1966/mot-1966--fk--00298.xml;Stockholm den 25 januari 1966
https://github.com/swerik-project/riksdagen-motions/blob/main/data/1967/mot-1967--ak--00139.xml;Stockholm i januari 1967
https://github.com/swerik-project/riksdagen-motions/blob/main/data/1967/mot-1967--ak--00651.xml;Stockholm den 25 januari 1967
https://github.com/swerik-project/riksdagen-motions/blob/main/data/1967/mot-1967--ak--00704.xml;Stockholm             den 26 januari 1967
https://github.com/swerik-project/riksdagen-motions/blob/main/data/1968/mot-1968--ak--00070.xml;Stockholm den 16 januari 1968
https://github.com/swerik-project/riksdagen-motions/blob/main/data/1968/mot-1968--fk--00140.xml;Stockholm den             19 januari 1968
https://github.com/swerik-project/riksdagen-motions/blob/main/data/1968/mot-1968--fk--00735.xml;-
https://github.com/swerik-project/riksdagen-motions/blob/main/data/1969/mot-1969--ak--00240.xml;Stockholm den 23 januari 1969
https://github.com/swerik-project/riksdagen-motions/blob/main/data/1969/mot-1969--ak--00485.xml;Stockholm den 24 januari 1969
https://github.com/swerik-project/riksdagen-motions/blob/main/data/1969/mot-1969--fk--00511.xml;Stockholm den 28 januari 1969
https://github.com/swerik-project/riksdagen-motions/blob/main/data/1970/mot-1970--ak--00551.xml;Stockholm den 28 januari 1970
https://github.com/swerik-project/riksdagen-motions/blob/main/data/1970/mot-1970--ak--00570.xml;Stockholm den 28 januari 1970
https://github.com/swerik-project/riksdagen-motions/blob/main/data/1970/mot-1970--ak--01072.xml;Stockholm den 28 januari 1970
https://github.com/swerik-project/riksdagen-motions/blob/main/data/1971/mot-1971--01121.xml;Stockholm den 26 januari 1971
https://github.com/swerik-project/riksdagen-motions/blob/main/data/1971/mot-1971--01175.xml;Stockholm den 27 januari 1971
https://github.com/swerik-project/riksdagen-motions/blob/main/data/1971/mot-1971--01436.xml;Stockholm den 27 april 1971
https://github.com/swerik-project/riksdagen-motions/blob/main/data/1972/mot-1972--00770.xml;Stockholm den 26 januari 1972
https://github.com/swerik-project/riksdagen-motions/blob/main/data/1972/mot-1972--01545.xml; Stockholm den 4 april 1972
https://github.com/swerik-project/riksdagen-motions/blob/main/data/1972/mot-1972--01698.xml;Stockholm den 9 maj 1972
https://github.com/swerik-project/riksdagen-motions/blob/main/data/1973/mot-1973--00268.xml;Stockholm den 19 januari 1973
https://github.com/swerik-project/riksdagen-motions/blob/main/data/1973/mot-1973--01680.xml;Stockholm den 30 mars 1973
https://github.com/swerik-project/riksdagen-motions/blob/main/data/1973/mot-1973--02004.xml;Stockholm den 25 maj 1973
https://github.com/swerik-project/riksdagen-motions/blob/main/data/1974/mot-1974--00804.xml;Stockholm den 24 januari 1974
https://github.com/swerik-project/riksdagen-motions/blob/main/data/1974/mot-1974--01552.xml;Stockholm den 25 januari 1974
https://github.com/swerik-project/riksdagen-motions/blob/main/data/1974/mot-1974--01947.xml;Stockholm den 14 november 1974
https://github.com/swerik-project/riksdagen-motions/blob/main/data/1975/mot-1975--00190.xml; Stockholm den 14 november 1974
https://github.com/swerik-project/riksdagen-motions/blob/main/data/1975/mot-1975--01446.xml;Stockholm den 27 januari 1975
https://github.com/swerik-project/riksdagen-motions/blob/main/data/1975/mot-1975--01730.xml;   Stockholm den 27 januari 1975
https://github.com/swerik-project/riksdagen-motions/blob/main/data/197576/mot-197576--00169.xml; Stockholm den 12 januari 1976
https://github.com/swerik-project/riksdagen-motions/blob/main/data/197576/mot-197576--00172.xml;Stockholm den 12 januari 1976
https://github.com/swerik-project/riksdagen-motions/blob/main/data/197576/mot-197576--00669.xml;Stockholm den 20 januari 1976
https://github.com/swerik-project/riksdagen-motions/blob/main/data/197677/mot-197677--00446.xml;Stockholm den 24 januari 1977
https://github.com/swerik-project/riksdagen-motions/blob/main/data/197677/mot-197677--00580.xml;Stockholm den 25 januari 1977
https://github.com/swerik-project/riksdagen-motions/blob/main/data/197677/mot-197677--01174.xml;Stockholm den 25 januari 1977
https://github.com/swerik-project/riksdagen-motions/blob/main/data/197778/mot-197778--01194.xml;Stockholm den 24 januari 1978
https://github.com/swerik-project/riksdagen-motions/blob/main/data/197778/mot-197778--01674.xml; Stockholm den 25 januari 1978
https://github.com/swerik-project/riksdagen-motions/blob/main/data/197778/mot-197778--01680.xml;Stockholm den 25 januari 1978
https://github.com/swerik-project/riksdagen-motions/blob/main/data/197879/mot-197879--00184.xml;Stockholm den 13 december 1978
https://github.com/swerik-project/riksdagen-motions/blob/main/data/197879/mot-197879--01098.xml;Stockholm den 24 januari 1979
https://github.com/swerik-project/riksdagen-motions/blob/main/data/197879/mot-197879--01699.xml;Stockholm den 25 januari 1979
https://github.com/swerik-project/riksdagen-motions/blob/main/data/197980/mot-197980--00440.xml;Stockholm den 18 januari 1980
https://github.com/swerik-project/riksdagen-motions/blob/main/data/197980/mot-197980--01403.xml;Stockholm den 24 januari 1980
https://github.com/swerik-project/riksdagen-motions/blob/main/data/197980/mot-197980--01667.xml;Stockholm den 25 januari 1980
https://github.com/swerik-project/riksdagen-motions/blob/main/data/198081/mot-198081--00047.xml;Stockholm den 27 januari 1981
https://github.com/swerik-project/riksdagen-motions/blob/main/data/198081/mot-198081--01117.xml;Stockholm den 27 januari 1981
https://github.com/swerik-project/riksdagen-motions/blob/main/data/198081/mot-198081--01563.xml;Stockholm den 27 januari 1981
https://github.com/swerik-project/riksdagen-motions/blob/main/data/198182/mot-198182--00505.xml;Stockholm den 20 januari 1982
https://github.com/swerik-project/riksdagen-motions/blob/main/data/198182/mot-198182--01603.xml;Stockholm den 25 januari 1982
https://github.com/swerik-project/riksdagen-motions/blob/main/data/198182/mot-198182--02199.xml;Stockholm den 18 mars 1982
https://github.com/swerik-project/riksdagen-motions/blob/main/data/198283/mot-198283--00924.xml;Stockholm den 24 januari 1983
https://github.com/swerik-project/riksdagen-motions/blob/main/data/198283/mot-198283--01923.xml;Stockholm den 24 januari 1983
https://github.com/swerik-project/riksdagen-motions/blob/main/data/198283/mot-198283--01943.xml;Stockholm den 25 januari 1983
https://github.com/swerik-project/riksdagen-motions/blob/main/data/198384/mot-198384--00505.xml;Stockholm den 17 januari 1984
https://github.com/swerik-project/riksdagen-motions/blob/main/data/198384/mot-198384--00669.xml;Stockholm den 18 januari 1984
https://github.com/swerik-project/riksdagen-motions/blob/main/data/198384/mot-198384--02866.xml;Stockholm den 24 april 1984
https://github.com/swerik-project/riksdagen-motions/blob/main/data/198485/mot-198485--01049.xml;Stockholm den 20 januari 1985
https://github.com/swerik-project/riksdagen-motions/blob/main/data/198485/mot-198485--01945.xml;Stockholm den 25 januari 1985
https://github.com/swerik-project/riksdagen-motions/blob/main/data/198485/mot-198485--02227.xml;Stockholm den 24 januari 1985
https://github.com/swerik-project/riksdagen-motions/blob/main/data/198586/mot-198586--00181.xml;Stockholm den 21 november 1985
https://github.com/swerik-project/riksdagen-motions/blob/main/data/198586/mot-198586--00580.xml;Stockholm den 12 maj 1986
https://github.com/swerik-project/riksdagen-motions/blob/main/data/198586/mot-198586-kru-00338.xml;Stockholm den 27 januari 1986
https://github.com/swerik-project/riksdagen-motions/blob/main/data/198687/mot-198687-KrU-00317.xml;Stockholm den 27 januari 1987
https://github.com/swerik-project/riksdagen-motions/blob/main/data/198687/mot-198687-NU-00144.xml;Stockholm den 11 mars 1987
https://github.com/swerik-project/riksdagen-motions/blob/main/data/198687/mot-198687-TU-00216.xml;Stockholm den 26 januari 1987
https://github.com/swerik-project/riksdagen-motions/blob/main/data/198788/mot-198788-KrU-00264.xml;Stockholm i januari 1988
https://github.com/swerik-project/riksdagen-motions/blob/main/data/198788/mot-198788-SoU-00426.xml;Stockholm den 20 januari 1988
https://github.com/swerik-project/riksdagen-motions/blob/main/data/198788/mot-198788-UbU-00628.xml;Stockholm den 26 januari 1988
https://github.com/swerik-project/riksdagen-motions/blob/main/data/198889/mot-198889-KU-00815.xml;Stockholm den 24 januari 1989
https://github.com/swerik-project/riksdagen-motions/blob/main/data/198889/mot-198889-SfU-00519.xml;Stockholm den 24 januari 1989
https://github.com/swerik-project/riksdagen-motions/blob/main/data/198889/mot-198889-SkU-00328.xml;Stockholm den 18 januari 1989
https://github.com/swerik-project/riksdagen-motions/blob/main/data/198990/mot-198990-KrU-00291.xml;Stockholm den 25 januari 1990
https://github.com/swerik-project/riksdagen-motions/blob/main/data/198990/mot-198990-NU-00483.xml;Stockholm den 25 januari 1990
https://github.com/swerik-project/riksdagen-motions/blob/main/data/198990/mot-198990-TU-00332.xml;Stockholm den 24 januari 1990
https://github.com/swerik-project/riksdagen-motions/blob/main/data/199091/mot-199091-KU-00219.xml;Stockholm den 18 januari 1991
https://github.com/swerik-project/riksdagen-motions/blob/main/data/199091/mot-199091-SoU-00096.xml;Stockholm den 6 maj 1991
https://github.com/swerik-project/riksdagen-motions/blob/main/data/199091/mot-199091-TU-00547.xml;Stockholm den 25 januari 1991
https://github.com/swerik-project/riksdagen-motions/blob/main/data/199192/mot-199192-BoU-00238.xml;Stockholm den 26 januari 1992
https://github.com/swerik-project/riksdagen-motions/blob/main/data/199192/mot-199192-TU-00310.xml;Stockholm den 21 januari 1992
https://github.com/swerik-project/riksdagen-motions/blob/main/data/199192/mot-199192-UbU-00482.xml;Stockholm den 27 januari 1992
https://github.com/swerik-project/riksdagen-motions/blob/main/data/199293/mot-199293-TU-00205.xml;Stockholm den 20 januari 1992
https://github.com/swerik-project/riksdagen-motions/blob/main/data/199293/mot-199293-UU-00623.xml;Stockholm den 24 januari 1993
https://github.com/swerik-project/riksdagen-motions/blob/main/data/199293/mot-199293-UbU-00451.xml;Stockholm den 21 januari 1993
https://github.com/swerik-project/riksdagen-motions/blob/main/data/199394/mot-199394-AU-00445.xml;Stockholm den 25 januari 1994
https://github.com/swerik-project/riksdagen-motions/blob/main/data/199394/mot-199394-KrU-00297.xml;Stockholm den 25 januari 1994
https://github.com/swerik-project/riksdagen-motions/blob/main/data/199394/mot-199394-KrU-00306.xml;Stockholm den 25 januari 1994
https://github.com/swerik-project/riksdagen-motions/blob/main/data/199495/mot-199495-AU-00803.xml;Stockholm den 21 januari 1995
https://github.com/swerik-project/riksdagen-motions/blob/main/data/199495/mot-199495-NU-00428.xml;Stockholm den 25 januari 1995
https://github.com/swerik-project/riksdagen-motions/blob/main/data/199495/mot-199495-UbU-00035.xml;Stockholm den 9 mars 1995
https://github.com/swerik-project/riksdagen-motions/blob/main/data/199596/mot-199596-FiU-00115.xml;Stockholm den 17 juni 1996
https://github.com/swerik-project/riksdagen-motions/blob/main/data/199596/mot-199596-NU-00030.xml;Stockholm den 28 mars 1996
https://github.com/swerik-project/riksdagen-motions/blob/main/data/199596/mot-199596-SkU-00009.xml;Stockholm den 20 oktober 1995
https://github.com/swerik-project/riksdagen-motions/blob/main/data/199697/mot-199697-FiU-00407.xml;Stockholm den 4 oktober 1996
https://github.com/swerik-project/riksdagen-motions/blob/main/data/199697/mot-199697-FöU-00049.xml;Stockholm den 4 oktober 1996
https://github.com/swerik-project/riksdagen-motions/blob/main/data/199697/mot-199697-JoU-00520.xml;Stockholm den 4 oktober 1996
https://github.com/swerik-project/riksdagen-motions/blob/main/data/199798/mot-199798-AU-00433.xml;Stockholm den 5 oktober 1997
https://github.com/swerik-project/riksdagen-motions/blob/main/data/199798/mot-199798-JoU-00072.xml;Stockholm den 29 maj 1998
https://github.com/swerik-project/riksdagen-motions/blob/main/data/199798/mot-199798-UbU-00712.xml;Stockholm den 3 oktober 1997
https://github.com/swerik-project/riksdagen-motions/blob/main/data/199899/mot-199899-KU-00027.xml;Stockholm den 11 augusti 1999
https://github.com/swerik-project/riksdagen-motions/blob/main/data/199899/mot-199899-TU-00515.xml;Stockholm den 27 oktober 1998
https://github.com/swerik-project/riksdagen-motions/blob/main/data/199899/mot-199899-UU-00620.xml;Stockholm den 28 oktober 1998
https://github.com/swerik-project/riksdagen-motions/blob/main/data/19992000/mot-19992000-AU-00270.xml;Stockholm den 3 oktober 1999
https://github.com/swerik-project/riksdagen-motions/blob/main/data/19992000/mot-19992000-SkU-00757.xml;Stockholm den 3 oktober 1999
https://github.com/swerik-project/riksdagen-motions/blob/main/data/19992000/mot-19992000-TU-00522.xml;Stockholm den 4 oktober 1999
https://github.com/swerik-project/riksdagen-motions/blob/main/data/200001/mot-200001-SfU-00236.xml;Stockholm den 3 oktober 2000
https://github.com/swerik-project/riksdagen-motions/blob/main/data/200001/mot-200001-SkU-00690.xml;Stockholm den 2 oktober 2000
https://github.com/swerik-project/riksdagen-motions/blob/main/data/200001/mot-200001-TU-00704.xml;Stockholm den 1 oktober 2000
https://github.com/swerik-project/riksdagen-motions/blob/main/data/200102/mot-200102-MJU-00448.xml;Stockholm den 3 oktober 2001
https://github.com/swerik-project/riksdagen-motions/blob/main/data/200102/mot-200102-SkU-00459.xml;Stockholm den 4 oktober 2001
https://github.com/swerik-project/riksdagen-motions/blob/main/data/200102/mot-200102-UbU-00324.xml;Stockholm den 3 oktober 2001
https://github.com/swerik-project/riksdagen-motions/blob/main/data/200203/mot-200203-MJU-00445.xml;Stockholm den 9 oktober 2002
https://github.com/swerik-project/riksdagen-motions/blob/main/data/200203/mot-200203-MJU-00474.xml;Stockholm den 23 oktober 2002
https://github.com/swerik-project/riksdagen-motions/blob/main/data/200203/mot-200203-UU-00236.xml;Stockholm den 18 oktober 2002
https://github.com/swerik-project/riksdagen-motions/blob/main/data/200304/mot-200304-JuU-00207.xml;Stockholm den 16 september 2003
https://github.com/swerik-project/riksdagen-motions/blob/main/data/200304/mot-200304-SoU-00221.xml;Stockholm den 25 september 2003
https://github.com/swerik-project/riksdagen-motions/blob/main/data/200304/mot-200304-SoU-00561.xml;Stockholm den 25 september 2003
https://github.com/swerik-project/riksdagen-motions/blob/main/data/200405/mot-200405-KU-00220.xml;Stockholm den 20 september 2004
https://github.com/swerik-project/riksdagen-motions/blob/main/data/200405/mot-200405-NU-00346.xml;Stockholm den 4 oktober 2004
https://github.com/swerik-project/riksdagen-motions/blob/main/data/200405/mot-200405-NU-00426.xml;Stockholm den 4 oktober 2004
https://github.com/swerik-project/riksdagen-motions/blob/main/data/200506/mot-200506-MJU-00535.xml;Stockholm den 4 oktober 2005
https://github.com/swerik-project/riksdagen-motions/blob/main/data/200506/mot-200506-UU-00269.xml;Stockholm den 3 oktober 2005
https://github.com/swerik-project/riksdagen-motions/blob/main/data/200506/mot-200506-UbU-00329.xml;Stockholm den 29 september 2005
https://github.com/swerik-project/riksdagen-motions/blob/main/data/200607/mot-200607-KU-00274.xml;Stockholm den 26 september 2008
https://github.com/swerik-project/riksdagen-motions/blob/main/data/200607/mot-200607-SfU-00213.xml;Stockholm den 18 oktober 2006
https://github.com/swerik-project/riksdagen-motions/blob/main/data/200607/mot-200607-UU-00009.xml;Stockholm den 11 april 2007
https://github.com/swerik-project/riksdagen-motions/blob/main/data/200708/mot-200708-SfU-00326.xml;Stockholm den 27 september 2007
https://github.com/swerik-project/riksdagen-motions/blob/main/data/200708/mot-200708-TU-00392.xml;Stockholm den 2 oktober 2007
https://github.com/swerik-project/riksdagen-motions/blob/main/data/200708/mot-200708-UU-00332.xml;Stockholm den 4 oktober 2007
https://github.com/swerik-project/riksdagen-motions/blob/main/data/200809/mot-200809-CU-00448.xml;Stockholm den 7 oktober 2008
https://github.com/swerik-project/riksdagen-motions/blob/main/data/200809/mot-200809-KU-00267.xml;Stockholm den 1 oktober 2008
https://github.com/swerik-project/riksdagen-motions/blob/main/data/200809/mot-200809-SoU-00226.xml;Stockholm den 26 september 2008
https://github.com/swerik-project/riksdagen-motions/blob/main/data/200910/mot-200910-KU-00391.xml;Stockholm den 30 september 2009
https://github.com/swerik-project/riksdagen-motions/blob/main/data/200910/mot-200910-NU-00425.xml;Stockholm den 2 oktober 2009
https://github.com/swerik-project/riksdagen-motions/blob/main/data/200910/mot-200910-UU-00272.xml;Stockholm den 3 oktober 2009
https://github.com/swerik-project/riksdagen-motions/blob/main/data/201011/mot-201011-CU-00213.xml;Stockholm den 19 oktober 2010
https://github.com/swerik-project/riksdagen-motions/blob/main/data/201011/mot-201011-KrU-00336.xml;Stockholm den 26 oktober 2010
https://github.com/swerik-project/riksdagen-motions/blob/main/data/201011/mot-201011-UU-00264.xml;Stockholm den 22 oktober 2010
https://github.com/swerik-project/riksdagen-motions/blob/main/data/201112/mot-201112-AU-00263.xml;Stockholm den 30 september 2011
https://github.com/swerik-project/riksdagen-motions/blob/main/data/201112/mot-201112-FöU-00240.xml;Stockholm den 5 oktober 2011
https://github.com/swerik-project/riksdagen-motions/blob/main/data/201112/mot-201112-MJU-00269.xml;Stockholm den 2 oktober 2011
https://github.com/swerik-project/riksdagen-motions/blob/main/data/201213/mot-201213-AU-00386.xml;Stockholm den 4 oktober 2012
https://github.com/swerik-project/riksdagen-motions/blob/main/data/201213/mot-201213-MJU-00287.xml;Stockholm den 1 oktober 2012
https://github.com/swerik-project/riksdagen-motions/blob/main/data/201213/mot-201213-NU-00332.xml;Stockholm den 3 oktober 2012
https://github.com/swerik-project/riksdagen-motions/blob/main/data/201314/mot-201314-MJU-00229.xml;Stockholm den 27 september 2013
https://github.com/swerik-project/riksdagen-motions/blob/main/data/201314/mot-201314-NU-00284.xml;Stockholm den 30 september 2013
https://github.com/swerik-project/riksdagen-motions/blob/main/data/201314/mot-201314-NU-00299.xml;Stockholm den 30 september 2013
https://github.com/swerik-project/riksdagen-motions/blob/main/data/201415/mot-201415-NU-02749.xml;Stockholm den 27 september 2013
https://github.com/swerik-project/riksdagen-motions/blob/main/data/201415/mot-201415-NU-03098.xml;2015-06-09 1
https://github.com/swerik-project/riksdagen-motions/blob/main/data/201415/mot-201415-SoU-02352.xml;2014-11-10
https://github.com/swerik-project/riksdagen-motions/blob/main/data/201516/mot-201516-AU-02806.xml;2015-10-05
https://github.com/swerik-project/riksdagen-motions/blob/main/data/201516/mot-201516-KrU-00050.xml;2015-09-23
https://github.com/swerik-project/riksdagen-motions/blob/main/data/201516/mot-201516-UbU-01921.xml;2015-10-05
https://github.com/swerik-project/riksdagen-motions/blob/main/data/201617/mot-201617-JuU-03177.xml;2016-10-05
https://github.com/swerik-project/riksdagen-motions/blob/main/data/201617/mot-201617-NU-01301.xml;2016-10-04
https://github.com/swerik-project/riksdagen-motions/blob/main/data/201617/mot-201617-UbU-00282.xml;2016-09-29
https://github.com/swerik-project/riksdagen-motions/blob/main/data/201718/mot-201718-MJU-00824.xml;2017-09-29
https://github.com/swerik-project/riksdagen-motions/blob/main/data/201718/mot-201718-MJU-01181.xml;2017-10-02
https://github.com/swerik-project/riksdagen-motions/blob/main/data/201718/mot-201718-UU-02681.xml;2017-10-04
https://github.com/swerik-project/riksdagen-motions/blob/main/data/201819/mot-201819-CU-03043.xml;2019-03-26
https://github.com/swerik-project/riksdagen-motions/blob/main/data/201819/mot-201819-TU-02899.xml;2018-11-30
https://github.com/swerik-project/riksdagen-motions/blob/main/data/201819/mot-201819-UbU-02933.xml;2018-11-30
https://github.com/swerik-project/riksdagen-motions/blob/main/data/201920/mot-201920-SoU-02399.xml;2019-10-03
https://github.com/swerik-project/riksdagen-motions/blob/main/data/201920/mot-201920-TU-00896.xml;2019-10-01
https://github.com/swerik-project/riksdagen-motions/blob/main/data/201920/mot-201920-UbU-00052.xml;2019-09-18
https://github.com/swerik-project/riksdagen-motions/blob/main/data/202021/mot-202021-KU-02266.xml;2020-10-05
https://github.com/swerik-project/riksdagen-motions/blob/main/data/202021/mot-202021-SkU-03220.xml;2020-10-06
https://github.com/swerik-project/riksdagen-motions/blob/main/data/202021/mot-202021-SoU-01758.xml;2020-10-02
https://github.com/swerik-project/riksdagen-motions/blob/main/data/202122/mot-202122-CU-01505.xml;2021-09-30
https://github.com/swerik-project/riksdagen-motions/blob/main/data/202122/mot-202122-NU-00397.xml;2021-09-24
https://github.com/swerik-project/riksdagen-motions/blob/main/data/202122/mot-202122-SfU-02928.xml;2021-10-04
https://github.com/swerik-project/riksdagen-motions/blob/main/data/202223/mot-202223-CU-01899.xml;2022-11-23
https://github.com/swerik-project/riksdagen-motions/blob/main/data/202223/mot-202223-SoU-00085.xml;2022-11-15
https://github.com/swerik-project/riksdagen-motions/blob/main/data/202223/mot-202223-UbU-02079.xml;2022-11-23
https://github.com/swerik-project/riksdagen-motions/blob/main/data/202324/mot-202324-CU-02193.xml;2023-10-05
https://github.com/swerik-project/riksdagen-motions/blob/main/data/202324/mot-202324-SoU-02653.xml;2023-10-05
https://github.com/swerik-project/riksdagen-motions/blob/main/data/202324/mot-202324-TU-01997.xml;2023-10-05
